sitecode,filenames
ABEY,ABEY_034_18
ABPZ,ABPZ_076_18
ABVE,ABVE_221_18
ACFL,ACFL_031_18
ACGNT01,ACGNT01_497_18
AEBVG,AEBVG_419_18
AFOG,AFOG_113_18
AGXLZ,AGXLZ_327_18
AHQT,AHQT_229_18
AHUK,AHUK_131_18
AHYY,AHYY_234_18
AMYCG,AMYCG_281_18
AMYT,AMYT_228_18
APCV,APCV_068_18
APZE,APZE_187_18
AQPIX,AQPIX_387_18
AQXKL,AQXKL_473_18
AQZOX,AQZOX_354_18
ASIBO,ASIBO_454_18
ASMP,ASMP_012_18
ATDH,ATDH_251_18
ATQY,ATQY_097_18
AWUSD,AWUSD_479_18
AZIHK,AZIHK_424_18
AZLSF,AZLSF_347_18
BCNTS01,BCNTS01_501_18
BCOE,BCOE_268_18
BCSFE01,BCSFE01_502_18
BDGAP,BDGAP_445_18
BDRF,BDRF_099_18
BFPMS,BFPMS_412_18
BJSRA01,BJSRA01_487_18
BJSRB01,BJSRB01_488_18
BJSRC01,BJSRC01_489_18
BLRZ,BLRZ_135_18
BNXX,BNXX_212_18
BOZM,BOZM_067_18
BRDPJ,BRDPJ_308_18
BS,BS_503_18
BUCDS,BUCDS_328_18
BVNP,BVNP_102_18
BWCM,BWCM_079_18
BWRE,BWRE_206_18
BXKLR,BXKLR_316_18
BYFM,BYFM_035_18
BYUQ,BYUQ_157_18
CAJTV,CAJTV_468_18
CAKME,CAKME_401_18
CAVWP,CAVWP_391_18
CBBE,CBBE_241_18
CBLGE01,CBLGE01_442_18
CC01,CC01_210_18
CCBAH01,CCBAH01_366_18
CCRWS01,CCRWS01_372_18
CCTOR01,CCTOR01_417_18
CCZV,CCZV_252_18
CEIC,CEIC_244_18
CFRID,CFRID_474_18
CHXQL,CHXQL_333_18
CJLAV,CJLAV_302_18
CLON,CLON_129_18
CLVU,CLVU_013_18
CNXB,CNXB_160_18
CQMJX,CQMJX_361_18
CVHQZ,CVHQZ_314_18
CXBS,CXBS_024_18
CXPWZ,CXPWZ_437_18
CZNV,CZNV_188_18
CZUE,CZUE_196_18
CZUO,CZUO_104_18
DAZIP,DAZIP_432_18
DBUZY,DBUZY_409_18
DCHZ,DCHZ_165_18
DCTAC01,DCTAC01_459_18
DDKJ,DDKJ_261_18
DEGLR,DEGLR_421_18
DEYR,DEYR_233_18
DFRLK,DFRLK_315_18
DFZI,DFZI_211_18
DKWBZ,DKWBZ_351_18
DNNZ,DNNZ_275_18
DNSQI,DNSQI_393_18
DPEXK,DPEXK_288_18
DRCAD01,DRCAD01_374_18
DRCBB01,DRCBB01_381_18
DRCRS01,DRCRS01_378_18
DRCSA01,DRCSA01_290_18
DRMD,DRMD_263_18
DVNBJ,DVNBJ_470_18
DWHUR,DWHUR_363_18
DWLFN,DWLFN_398_18
DWPM,DWPM_028_18
DXLWT,DXLWT_331_18
DXOR,DXOR_215_18
EBUVG,EBUVG_431_18
ECGX,ECGX_202_18
EECZ,EECZ_240_18
EFMD,EFMD_057_18
EFNK,EFNK_125_18
EHCTY,EHCTY_301_18
EIQV,EIQV_174_18
EKXF,EKXF_207_18
EMSA,EMSA_074_18
EOAU,EOAU_052_18
EQIB,EQIB_084_18
ERNAK,ERNAK_477_18
EXFO,EXFO_112_18
EXIMR,EXIMR_309_18
EYFLW,EYFLW_485_18
FAMLP,FAMLP_364_18
FBFZ,FBFZ_279_18
FBPJG,FBPJG_388_18
FDHW,FDHW_105_18
FGWLJ,FGWLJ_430_18
FJCT,FJCT_088_18
FJPN,FJPN_062_18
FLOA,FLOA_182_18
FLVQR,FLVQR_449_18
FOASS01,FOASS01_496_18
FOIQ,FOIQ_119_18
FOOOT01,FOOOT01_499_18
FOWCL,FOWCL_345_18
FOZN,FOZN_236_18
FPLA,FPLA_133_18
FQPU,FQPU_156_18
FSCP,FSCP_280_18
FSPC,FSPC_078_18
FSUW,FSUW_108_18
FUCD,FUCD_060_18
FUVF,FUVF_260_18
FXBC,FXBC_253_18
FYSUQ,FYSUQ_356_18
FYXEJ,FYXEJ_339_18
FYZG,FYZG_061_18
GAULT,GAULT_461_18
GBAI,GBAI_089_18
GBNL,GBNL_149_18
GBNZ,GBNZ_195_18
GCJEZ,GCJEZ_466_18
GDAOC01,GDAOC01_283_18
GHLPC,GHLPC_365_18
GITMZ,GITMZ_296_18
GJBOV,GJBOV_495_18
GJSO,GJSO_203_18
GKBH,GKBH_069_18
GKPW,GKPW_134_18
GLQX,GLQX_198_18
GOPXK,GOPXK_334_18
GPDI,GPDI_140_18
GPLWN,GPLWN_436_18
GPOI,GPOI_176_18
GPQAO,GPQAO_447_18
GQCI,GQCI_178_18
GRFO,GRFO_153_18
GRJXK,GRJXK_404_18
GSNY,GSNY_040_18
GTWE,GTWE_122_18
GTZK,GTZK_111_18
GUWH,GUWH_030_18
GWUJ,GWUJ_083_18
GZBI,GZBI_070_18
HBJI,HBJI_027_18
HBPCJ,HBPCJ_300_18
HBTN,HBTN_200_18
HDAZ,HDAZ_144_18
HDWZP,HDWZP_416_18
HGCF,HGCF_036_18
HIRTE,HIRTE_306_18
HIXNG,HIXNG_413_18
HJHN,HJHN_222_18
HKIOP,HKIOP_323_18
HKXB,HKXB_255_18
HLERZ,HLERZ_426_18
HNWA,HNWA_050_18
HOEC,HOEC_003_18
HQVA,HQVA_072_18
HSYDC,HSYDC_448_18
HTPR,HTPR_065_18
HUDTN,HUDTN_491_18
HVDLX,HVDLX_343_18
HWIB,HWIB_179_18
HWJR,HWJR_168_18
HXQLU,HXQLU_453_18
HYCJ,HYCJ_041_18
HYSMR,HYSMR_346_18
HYXUD,HYXUD_433_18
IALXT,IALXT_376_18
IAPK,IAPK_002_18
IDYAX,IDYAX_425_18
IGKFX,IGKFX_438_18
IHMK,IHMK_159_18
IHMZ,IHMZ_257_18
INWEG,INWEG_423_18
IOAQ,IOAQ_051_18
IOREZ,IOREZ_335_18
IPNW,IPNW_273_18
IRPK,IRPK_220_18
ITRF,ITRF_146_18
ITYM,ITYM_114_18
IUAK,IUAK_029_18
IVEZ,IVEZ_018_18
IWZCV,IWZCV_291_18
JANM,JANM_201_18
JBAY,JBAY_124_18
JCSAT,JCSAT_353_18
JGRD,JGRD_095_18
JIEQU,JIEQU_375_18
JIPRX,JIPRX_469_18
JNLXY,JNLXY_394_18
JOGHL,JOGHL_399_18
JOVV,JOVV_264_18
JQFYC,JQFYC_368_18
JSAXZ,JSAXZ_320_18
JSIA,JSIA_224_18
JTTN,JTTN_262_18
JXHO,JXHO_218_18
JYWI,JYWI_001_18
KGSTM,KGSTM_367_18
KGWC,KGWC_103_18
KHMSF,KHMSF_311_18
KIFX,KIFX_173_18
KJORG,KJORG_434_18
KJZR,KJZR_082_18
KLLJ,KLLJ_248_18
KLNJA,KLNJA_397_18
KLVF,KLVF_101_18
KLYD,KLYD_247_18
KLZG,KLZG_141_18
KNCV,KNCV_106_18
KNTIE,KNTIE_282_18
KQTMD,KQTMD_324_18
KTDS,KTDS_132_18
KVEI,KVEI_064_18
KXAYQ,KXAYQ_383_18
KZXQJ,KZXQJ_478_18
LCMG,LCMG_217_18
LEVO,LEVO_042_18
LGOK,LGOK_110_18
LGUH,LGUH_148_18
LHZH,LHZH_225_18
LIAHQ,LIAHQ_382_18
LLTM,LLTM_256_18
LNCL,LNCL_214_18
LNEUS,LNEUS_462_18
LQDNH,LQDNH_294_18
LRPJC,LRPJC_451_18
LXOGB,LXOGB_494_18
MCBRM01,MCBRM01_490_18
MCBSA01,MCBSA01_492_18
MCTH,MCTH_128_18
MEMNL01,MEMNL01_341_18
MEMRS01,MEMRS01_330_18
MGGT,MGGT_237_18
MGWO,MGWO_020_18
MINE,MINE_274_18
MJNG,MJNG_181_18
MJOL,MJOL_045_18
MKBID,MKBID_385_18
MKTPA,MKTPA_336_18
MNAQJ,MNAQJ_322_18
MPSY,MPSY_137_18
MRDK,MRDK_205_18
MRIND,MRIND_465_18
MTAFH,MTAFH_471_18
MTSH,MTSH_183_18
MVARN,MVARN_287_18
MWDV,MWDV_208_18
NCIF,NCIF_267_18
NCKW,NCKW_166_18
NCUB,NCUB_116_18
NDFU,NDFU_009_18
NGFS,NGFS_185_18
NGTWF,NGTWF_325_18
NIBED,NIBED_379_18
NISHT,NISHT_284_18
NIZOD,NIZOD_340_18
NJLM,NJLM_098_18
NJQHM,NJQHM_377_18
NLDIZ,NLDIZ_400_18
NOLR,NOLR_277_18
NOWZ,NOWZ_087_18
NQCO,NQCO_227_18
NTPH,NTPH_006_18
NVYPC,NVYPC_350_18
NVZC,NVZC_100_18
NWDK,NWDK_230_18
NYHR,NYHR_048_18
NYXEO,NYXEO_463_18
NZXV,NZXV_059_18
OCLZ,OCLZ_152_18
OELX,OELX_175_18
OFCNI,OFCNI_410_18
OFMLA,OFMLA_414_18
OFSKE,OFSKE_427_18
OGJZR,OGJZR_396_18
OJKJ,OJKJ_265_18
OQGJ,OQGJ_049_18
ORCR,ORCR_269_18
ORYUD,ORYUD_321_18
OUZLF,OUZLF_318_18
OVSI,OVSI_046_18
OXLK,OXLK_164_18
PAEU,PAEU_130_18
PDEJ,PDEJ_147_18
PEIZA,PEIZA_460_18
PEUNX,PEUNX_389_18
PFMU,PFMU_115_18
PGWE,PGWE_063_18
PGYU,PGYU_192_18
PHAK,PHAK_276_18
PHBY,PHBY_143_18
PHRAZ01,PHRAZ01_483_18
PIQW,PIQW_109_18
PJFV,PJFV_033_18
PLDO,PLDO_270_18
PMJV,PMJV_092_18
PMOQ,PMOQ_162_18
PMRFH,PMRFH_289_18
PMSAQ,PMSAQ_329_18
PMSYA,PMSYA_319_18
PMVS,PMVS_154_18
POZDQ,POZDQ_326_18
PQFKD,PQFKD_443_18
PQFKJ,PQFKJ_429_18
PSASR01,PSASR01_480_18
PUGH,PUGH_189_18
PWGSM,PWGSM_373_18
PYIAW,PYIAW_293_18
PYQB,PYQB_039_18
QANL,QANL_163_18
QAOMG,QAOMG_312_18
QCJZY,QCJZY_439_18
QEUOW,QEUOW_305_18
QGVH,QGVH_053_18
QJLKF,QJLKF_408_18
QJMO,QJMO_117_18
QPNX,QPNX_266_18
QREOK,QREOK_337_18
QTUU,QTUU_219_18
QUFSK,QUFSK_418_18
QVPD,QVPD_017_18
QWRKZ,QWRKZ_317_18
QWXMI,QWXMI_304_18
QZUBY,QZUBY_411_18
RBEH,RBEH_226_18
RBGXO,RBGXO_292_18
RBOZM,RBOZM_444_18
REBO,REBO_150_18
REVKF,REVKF_338_18
RFPU,RFPU_169_18
RGBOB01,RGBOB01_498_18
RIJS,RIJS_213_18
RIYH,RIYH_245_18
RJHT,RJHT_022_18
RJVEF,RJVEF_298_18
RKOW,RKOW_158_18
RLPJZ,RLPJZ_450_18
RNBV,RNBV_038_18
RNUV,RNUV_010_18
ROCQ,ROCQ_139_18
ROUBC,ROUBC_446_18
RRVT,RRVT_242_18
RSQQ,RSQQ_258_18
RSQXD,RSQXD_371_18
RTNIO,RTNIO_285_18
RVHAN,RVHAN_352_18
RVLO,RVLO_085_18
RXVF,RXVF_127_18
SACVG,SACVG_457_18
SAVZC,SAVZC_440_18
SBLHG,SBLHG_307_18
SBUFN,SBUFN_482_18
SCGN,SCGN_073_18
SDIP,SDIP_235_18
SGBTF01,SGBTF01_310_18
SGDV,SGDV_209_18
SGYC,SGYC_186_18
SIZB,SIZB_037_18
SJCTK,SJCTK_369_18
SJTZA,SJTZA_380_18
SLXGA,SLXGA_476_18
SMPAT,SMPAT_344_18
SNOUM,SNOUM_458_18
SQFKW,SQFKW_303_18
STYW,STYW_142_18
SWJFH,SWJFH_484_18
SWVK,SWVK_005_18
SYCQ,SYCQ_194_18
SYID,SYID_047_18
SZEE,SZEE_250_18
TAWMO,TAWMO_299_18
TCRUF,TCRUF_362_18
TDMF,TDMF_094_18
TEWA,TEWA_249_18
TFBM,TFBM_193_18
TFOM,TFOM_011_18
THWY,THWY_151_18
TIRS,TIRS_107_18
TLNE,TLNE_081_18
TLZOU,TLZOU_493_18
TMHA,TMHA_167_18
TNCZA01,TNCZA01_455_18
TNVQO,TNVQO_286_18
TNVT,TNVT_259_18
TQEX,TQEX_138_18
TQFC,TQFC_096_18
TVNQ,TVNQ_054_18
TVPBW,TVPBW_392_18
TVWFM,TVWFM_332_18
TYHBE,TYHBE_472_18
TZVLB,TZVLB_348_18
UABX,UABX_071_18
UAOX,UAOX_199_18
UEVW,UEVW_043_18
UEWA,UEWA_008_18
UGLU,UGLU_272_18
UIHD,UIHD_118_18
UKFU,UKFU_246_18
UOSP,UOSP_191_18
UQRVS,UQRVS_359_18
URIQ,URIQ_015_18
URVL,URVL_075_18
USKNZ,USKNZ_475_18
UTDPY,UTDPY_452_18
UTEW,UTEW_161_18
UUME,UUME_254_18
UZBM,UZBM_066_18
VASW,VASW_136_18
VBEZ,VBEZ_190_18
VBHJU,VBHJU_435_18
VCPBD,VCPBD_297_18
VGYN,VGYN_090_18
VHZF,VHZF_016_18
VIXK,VIXK_243_18
VNMA,VNMA_123_18
VOVY,VOVY_238_18
VPBI,VPBI_044_18
VRHL,VRHL_204_18
VRTK,VRTK_077_18
VUDA,VUDA_121_18
WBVQI,WBVQI_500_18
WCPJH,WCPJH_405_18
WDZG,WDZG_177_18
WJMU,WJMU_232_18
WNBPS,WNBPS_456_18
WPRLZ,WPRLZ_406_18
WSAG,WSAG_180_18
WSPFD01,WSPFD01_486_18
WURX,WURX_025_18
WUTH,WUTH_080_18
WYQSZ,WYQSZ_422_18
WZNO,WZNO_023_18
WZXQ,WZXQ_145_18
XACC,XACC_216_18
XAMES,XAMES_349_18
XDYE,XDYE_056_18
XDZVI,XDZVI_357_18
XEHUD,XEHUD_481_18
XFZOW,XFZOW_420_18
XJOM,XJOM_172_18
XKIT,XKIT_171_18
XKMU,XKMU_019_18
XKPJS,XKPJS_403_18
XLFD,XLFD_170_18
XMIC,XMIC_086_18
XQWME,XQWME_415_18
XTGPN,XTGPN_295_18
XTIA,XTIA_126_18
XUYFP,XUYFP_355_18
YABY,YABY_239_18
YAJIU,YAJIU_428_18
YAOXG,YAOXG_358_18
YGUPJ,YGUPJ_467_18
YGVZ,YGVZ_278_18
YHGO,YHGO_007_18
YIBK,YIBK_055_18
YISKQ,YISKQ_407_18
YMTS,YMTS_021_18
YOAQZ,YOAQZ_370_18
YQTZ,YQTZ_155_18
YRLG,YRLG_197_18
YRQZ,YRQZ_184_18
YWDO,YWDO_120_18
YWVO,YWVO_014_18
ZBVTF,ZBVTF_395_18
ZFMG,ZFMG_223_18
ZGWEI,ZGWEI_390_18
ZHQF,ZHQF_004_18
ZIJVQ,ZIJVQ_384_18
ZINLH,ZINLH_386_18
ZJQRW,ZJQRW_402_18
ZJYP,ZJYP_032_18
ZLQMG,ZLQMG_441_18
ZMCLX,ZMCLX_313_18
ZMKM,ZMKM_271_18
ZRSPK,ZRSPK_342_18
ZTMR,ZTMR_091_18
ZWKH,ZWKH_026_18
ZWRP,ZWRP_231_18
ZXAOC,ZXAOC_464_18
ZXLQ,ZXLQ_058_18
ZXNOG,ZXNOG_360_18
ZXSH,ZXSH_093_18
